Benchmark;Baseline;+-;Mode0;+-;Mode1;+-;Mode2;+-;Deopts. Baseline;+-;Deopts. Mode0;+-;Deopts. Mode 1;+-;Deopts. Mode 2;+-
compress;261.1328;3.09795350675513;330.0642;4.46710346811777;336.0072;3.86973135632702;319.6572;3.36647528920295;312.46;9.95346820859476;103.36;8.19764349531267;55;1.89995487247867;106.92;5.14921399271465
crypto.aes;116.7974;2.09282991978302;114.7114;1.68720635324573;116.567;1.92906314314735;106.92;5.14921399271465;305.52;23.1548631432837;213.76;7.75643978250051;82.06;4.28374708566299;78.3;4.5685770894279
crypto.rsa;469.1228;5.17309286414728;514.3886;4.99810191746972;537.6056;9.93064277162288;513.323;15.2629294098979;330.48;10.2311254640121;237.52;5.54068303599641;88.5918367346939;6.21683088745472;101.84;7.14375833119369
crypto.signverify;529.6048;5.07449366814712;468.2992;7.36670843915637;492.7266;5.80295276573278;506.064;3.98403385648243;272.56;11.4676534152148;175.3;5.88406419567761;87.12;3.44863969644587;91.18;3.43189422062773
derby;231.5868;4.06826689765015;222.6232;9.84904291523425;232.1774;11.3556707497842;236.5588;11.4435582089573;562.22;18.8103717049727;498.74;8.78524184770126;290.22;9.76725797242526;278.94;6.3531253279614
mpegaudio;152.4102;2.64887035904798;146.7216;3.70109746418905;157.3592;3.90407268270093;143.7604;4.4905082062824;1685.14;137.68397757739;131.58;3.33712007965787;81.02;2.26011540286278;184.94;29.5992394231566
serial;109.1736;3.13922078871102;124.8068;4.28820855980528;126.2726;3.45215360467803;65.865;6.93046797659304;312.6;7.01750052380459;197.64;4.23686188793726;148.92;3.93746156841782;288.48;23.4069907858432
sunflow;72.4952;0.800477826373013;74.9478;1.10241160074888;72.619;1.11084321766088;72.986;1.08005259729813;334.6;23.4435601518072;198.38;17.189896868038;66.52;2.1714042630968;80.36;7.96848284114918
