Benchmark;Baseline;+-;Use Profiles;+-;Deopts. Baseline;+-;Deopts. Use Profiles;+-
compress;259.265;7.19987106053201;336.1575;4.83022825058554;321.375;38.6589463488706;91;5.23050241924795
crypto.aes;116.44625;4.88571084380297;117.41875;4.87477592922495;283.25;62.9182946068677;227.875;32.748938146884
crypto.rsa;439.75625;18.8746801737098;471.48875;17.3325726782329;320.75;37.620056784711;241.375;17.9816235353739
crypto.signverify;521.245;18.8491517391765;515.88875;23.3971185623639;273.5;29.2465107581405;212.625;17.6283302471524
derby;226.5175;13.5636226997777;233.77875;6.10679514221741;548.75;31.434937219478;508.375;33.0262277609823
mpegaudio;159.77;3.95057661530302;154.09375;6.18079306108291;1600.5;243.782829719886;129.875;6.00650910358489
serial;108.80125;6.48349002703024;114.72625;13.5566311236662;312.875;30.8967084150593;217.25;13.7020500136224
sunflow;70.2775;0.705237042678622;73.155;4.90686596435461;292.25;38.0882456667447;215.125;53.4779622479079
