Benchmark;Baseline;+-;Use Profiles;+-;Baseline Warmup;+-;Use Profiles Warmup;+-;Deopts. Baseline;+-;Deopts. Use Profiles;+-
compress;384.03375;1.50911122163305;381.0425;1.41967741877204;379.8375;1.51180275708919;356.14375;25.3725166667047;434.625;39.7347682082175;152.625;6.61813227690128
crypto.aes;130.56875;5.38441145876971;115.595;11.4517284355661;131.25875;5.00697536170912;121.4225;4.48676528998052;371;112.507657061543;395.875;65.7830869611659
crypto.rsa;717.85375;5.36467841696462;707.51375;14.3101564294274;703.52625;12.3652514262571;677.2525;24.8593715442662;507.625;57.2571889976306;276.428571428571;9.16328778940882
crypto.signverify;749.235;4.4418467845339;723.8825;12.4892016370924;745.66625;6.54616914457597;717.1625;5.64211873523387;507.625;57.2571889976306;276.428571428571;9.16328778940882
derby;497.1575;6.1764764321641;285.135;131.275062897806;465.2625;5.62792577021222;274.0575;120.556996535755;670.5;33.6368269784778;655.375;78.3469517956594
mpegaudio;264.86625;1.21321421787912;260.245;3.69415446114672;260.99;1.7208758919105;257.30375;2.24147097649549;1557.375;296.260114157687;302;249.343018799102
serial;210.5675;3.99878141744955;147.70125;57.7503726850678;191.78125;7.12471566037174;147.0625;50.8755505309106;414.375;26.1843084752731;296.375;104.017072826509
sunflow;101.3;1.5219517568552;93.12375;3.07810412837308;99.4975;0.919847372992084;92.32375;2.790276298156;448.625;67.3371970060789;343.25;129.994692732593
