Benchmark;Baseline;+-;Use Profiles;+-;Deopts. Baseline;+-;Deopts. Use Profiles;+-
compress;261.1328;3.09795350675513;330.0642;4.46710346811777;312.46;9.95346820859477;103.36;8.19764349531267
crypto.aes;116.7974;2.09282991978302;114.7114;1.68720635324573;305.52;23.1548631432837;213.76;7.75643978250051
crypto.rsa;469.1228;5.17309286414728;514.3886;4.99810191746972;330.48;10.2311254640121;237.52;5.54068303599641
crypto.signverify;529.6048;5.07449366814712;468.2992;7.36670843915637;272.56;11.4676534152148;175.3;5.88406419567761
derby;231.5868;4.06826689765015;222.6232;9.84904291523425;562.22;18.8103717049727;498.74;8.78524184770126
mpegaudio;152.4102;2.64887035904798;146.7216;3.70109746418905;1685.14;137.68397757739;131.58;3.33712007965787
serial;109.1736;3.13922078871102;124.8068;4.28820855980528;312.6;7.01750052380459;197.64;4.23686188793726
sunflow;72.4952;0.800477826373013;74.9478;1.10241160074888;334.6;23.4435601518072;198.38;17.189896868038
