Benchmark;Baseline;+-;Use Profiles;+-;Deopts. Baseline;+-;Deopts. Use Profiles;+-
scimark.fft.large;81.82875;3.07911872729585;84.73625;3.3079671247144;281.625;20.0263140296547;95.75;15.6840818356073
scimark.fft.small;296.99625;2.75738419195091;298.03875;3.78398023727201;279.5;28.391907272161;109.875;7.93119085170905
scimark.lu.large;30.6;0.230612209562287;28.54625;2.35754370571736;264.75;11.9991575608013;48.75;8.87203141771975
scimark.lu.small;551.64375;21.9061266961286;589.605;4.86237921715491;289.375;32.5097445570367;142.125;7.92909237545809
scimark.monte_carlo;209.78625;4.85819930259156;235.04;18.1458997439826;232.875;17.3418573563857;113;15.0284581469988
scimark.sor.large;82.90875;0.384855115189488;69.80375;13.6608647207226;213.75;23.6828096171408;85.375;9.94394753881093
scimark.sor.small;367.5275;2.66470751876773;354.44125;12.2880732022511;233.5;20.4253575499176;113.25;11.718502320338
scimark.sparse.large;47.355;1.57827229029724;48.32875;7.33404077367409;254.125;20.6868425619886;100.25;8.62088516467281
scimark.sparse.small;331.2175;9.70178501865055;334.32625;8.5587155155913;278.375;32.4497988764882;146.625;11.4600375064096
