Benchmark;Baseline;+-;Mode0;+-;Mode1;+-;Mode2;+-;Mode0Gain;Mode1Gain;Mode2Gain;Deopts. Baseline;+-;Deopts. Mode0;+-;Deopts. Mode 1;+-;Deopts. Mode 2;+-;Mode0DeoptGain;Mode1DeoptGain;Mode2DeoptGain
crypto;42.92;0.338902911095484;40.98;0.395673815541268;41.76;0.424105014039767;42;0.372101029307888;-0.0452003727865798;-0.0270270270270271;-0.0214352283317801;198.38;2.00537945717718;229.404255319149;5.28629552515201;119.673469387755;3.06310683531668;118.9;2.44694405345864;0.156388019554133;-0.396746298075637;-0.4006452263333
gameboy;125.42;0.647279594393478;115.386363636364;0.450545055803815;124.046511627907;0.59294259110928;124.612244897959;0.588701252039116;-0.0800002899349096;-0.0109511112429678;-0.00644040106873557;734.367346938776;5.02374585674223;848.444444444444;27.6111639811392;700;15.9044133534552;628.020833333333;5.12842374999589;0.155340645225038;-0.046798577145398;-0.14481378297762
navierstockes;35.78;0.52713791332807;34.18;0.450965804008718;34.8958333333333;0.509102264118554;34.62;0.550389768465899;-0.0447177193963108;-0.0247111980622321;-0.0324203465623254;195.84;2.51216425470678;237.88;3.62208068073072;174.604166666667;2.47240161764964;182.92;2.31441655483994;0.214665032679738;-0.108434606481482;-0.0659722222222223
richards;41.78;1.73231199304196;28.1632653061224;2.73397126499015;36.9591836734694;2.60758328049308;33.4285714285714;2.16380479473484;-0.325915143462842;-0.115385742616817;-0.199890583327635;83.5;1.52261848026315;125.775510204082;2.27098130015535;66.3265306122449;1.05273435042942;69.0612244897959;1.19930487655717;0.506293535378223;-0.205670292068923;-0.172919467188073
