Benchmark;Baseline;+-;Use Profiles;+-;Baseline Warmup;+-;Use Profiles Warmup;+-;Deopts. Baseline;+-;Deopts. Use Profiles;+-
scimark.fft.large;119.9375;0.898777575713667;119.11875;2.64797321356218;117.39375;1.934671840525;119.9;2.30550720169797;374.5;22.3800637676521;162;37.6571958118298
scimark.fft.small;372.25125;2.28241221524521;337.95125;14.6929036694558;369.79375;2.5473545135175;341.23875;12.7404403056731;363;31.3177243980777;200.875;8.72068502252772
scimark.lu.large;28.785;0.597311450004638;28.95625;0.579189299910742;27.89625;0.62869874438956;27.45125;0.300053820393875;327.5;29.2442346765185;83.5;22.2435736782034
scimark.lu.small;809.98375;3.73246103662723;797.35125;4.81419997394426;805.72;5.65556817816159;804.59625;5.93968287406745;513;77.4432707635743;236.375;16.6255995961313
scimark.monte_carlo;328.86125;8.34050167633062;339.88125;5.44613449692665;322.7;10.3255431970672;334.34125;5.00033637774657;328;35.1057689672066;177.75;19.2033668599827
scimark.sor.large;88.25875;1.38069822745234;88.58375;1.41317802642677;86.34875;2.06921994034682;87.98625;2.17501212340368;327.125;26.3288131870889;153.375;36.6189706499569
scimark.sor.small;362.26875;0.0843551008489223;373.53875;18.8449942331512;379.74875;1.11355141408277;377.57875;20.6807454965002;335.375;29.0438139661023;197.625;16.8374498968213
scimark.sparse.large;66.3975;2.5910624924077;63.3475;2.30079406499185;59.83625;2.86120232382918;59.7975;0.836365211735614;365.75;35.1971379990228;147.375;40.2850401065847
scimark.sparse.small;369.30125;6.62522612015554;361.06;11.3647176524518;382.65375;7.18117292441034;373.1525;13.1431908086505;381.75;38.8778622216376;220.375;21.9225513064401
