Benchmark;Baseline;+-;Mode0;+-;Mode1;+-;Mode2;+-;Mode0Gain;Mode1Gain;Mode2Gain;Deopts. Baseline;+-;Deopts. Mode0;+-;Deopts. Mode 1;+-;Deopts. Mode 2;+-;Mode0DeoptGain;Mode1DeoptGain;Mode2DeoptGain
compress;257.7796;2.98748560346802;335.999;2.80295536491605;344.494081632653;3.84157602813629;336.7206;2.02000953833373;0.303435182613364;0.336390007714548;0.306234473170104;328.22;9.7520577349395;97.1;3.87348226751788;39.96;1.24072652324736;110.08;4.85154949047318;-0.704161842666504;-0.878252391688502;-0.66461519712388
scimark.sparse.large;60.3452;3.96126412159263;45.9122;2.15992672597476;50.6738;2.79109016282788;49.712;2.64639463626583;-0.239173952526464;-0.160267925203662;-0.176206226841572;252.4;10.0532882777058;68.14;2.66229677524223;54.74;1.90671847185146;97.6;3.38464894656273;-0.730031695721078;-0.783122028526149;-0.613312202852615
deltablue;102.8;1.96981054301768;79.26;2.49270000649114;86.36;2.51504959983641;86.74;2.92756826762633;-0.228988326848249;-0.159922178988327;-0.156225680933852;75.46;0.998138118872947;119.14;2.56582094487043;63.64;1.44201008732126;62.7;2.05359093687907;0.578849721706865;-0.156639279088259;-0.169096209912536
earleyboyer;570.92;22.719201000937;523.54;22.1178669332188;686.82;27.2191869632145;483.54;16.4803383652032;-0.0829888600854761;0.203005675050795;-0.153051215581868;357.92;5.98339865600776;461.98;5.48123707794211;243.12;5.61438797012869;282.02;5.6745014824156;0.290735359856951;-0.320742065265981;-0.212058560572195
richards;816.28;164.730785305596;1206.58;165.804331328144;1138.06;137.853578017018;1168.12;148.338798663442;0.478144754250992;0.394202969569265;0.431028568628412;67.1;4.21659124069562;100.9;2.42597179337921;44.94;2.64577650378692;56.42;3.7795063641704;0.503725782414307;-0.330253353204173;-0.159165424739195
navierstockes;1643.48;111.935902844865;1238.92;106.803904755074;1231.2;78.6851136355933;1754.38;110.820218646546;-0.246160586073454;-0.250857935600068;0.067478764572736;90.3;0.57488161090126;142.92;3.13687168600619;70.4;1.15405606768191;72.34;1.9348657199069;0.582724252491694;-0.220376522702104;-0.198892580287929
