descriptor, osr,+-
"Baseline",   204.397, 1.1967698688
"Use Profiles", 189.009, 0.4059611049
