descriptor, Baseline,+-,Use Profiles,+-
"no OSR",167.071, 1.1026175998,12.962, 0.0997018663
"with OSR",10.165, 0.0093118601,10.245, 0.017153656
