descriptor, noosr,+-,osr,+-
"Baseline",   167.071, 1.1026175998, 10.165, 0.0093118601
"Use Profiles", 12.962, 0.0997018663, 10.245, 0.017153656
